chrom,pos,ref,alt,rsids,nearest_genes
1,198394253,T,G,rs4480390,ATP6V1G3
2,43078360,T,G,rs13402870,HAAO
3,15557682,A,T,rs13096588,COLQ
5,1322468,A,G,rs381949,CLPTM1L
6,26843517,C,A,rs57440165,BTN3A2 / HLA
6,34475878,T,G,rs376206893,RPS10
7,27303632,G,A,rs6943291,HOXA13
7,27560733,C,T,rs1111647,HIBADH
7,41266132,G,A,rs7789435,SUGCT
7,81431397,T,C,rs3919599,HGF
7,116567649,G,A,rs9649395,MET
8,100393118,A,T,rs3134175,VPS13B
8,143754728,A,G,rs2920286,PSCA
10,22320193,C,A,rs10764333,DNAJC1
11,46744925,C,G,rs2070852,LRP4
12,51420815,C,T,rs35656976,SLC11A2
12,54320692,C,T,rs3847783,HOTAIR
12,112067387,A,G,rs7972674,ALDH2
14,103990799,C,T,rs3759584,CKB
15,57618514,C,T,rs12906829,TCF12
15,71610835,A,G,rs11855326,THSD4
15,91412850,AAAGGCAG,A,rs57515981,FES
16,4353432,C,T,rs4786481,GLIS2
16,20367690,G,T,rs12917707,UMOD
16,73024276,T,C,rs1858800,ZFHX3
17,12327883,G,A,rs78552540,MYOCD
18,77580712,G,A,rs7241572,CTDP1
2,144248905,T,C,rs34030812,ARHGAP15
10,115119640,T,C,rs471447,CASP7
13,96488178,A,G,rs9584326,UGGT2
22,46441980,T,C,rs7285579,WNT7B
10,28103411,G,C,rs6481482,BAMBI
10,123047640,T,C,rs10886897,FGFR2
19,49208543,C,T,rs507766,FUT2
20,51246202,G,A,rs13042290,ZFP64
20,55338442,G,T,rs6099264,TFAP2C
